h,target,base_rate,n_obs,n_eff,model,log_loss,brier,auc,skill_vs_base,dm_t,dm_p
5,mkt_high_vol,0.5424750146972369,6804,1360,compact|logit_reg,0.4681553705322986,0.15211899212964602,0.8555458650733854,0.20748075766508078,-12.751410449356147,1.5307770551479423e-37
5,mkt_high_vol,0.5424750146972369,6804,1360,compact|logit,0.47032519384471067,0.15242288663687273,0.8549704993427811,0.20380756103893038,-11.35597366536954,3.4631958345994506e-30
5,mkt_high_vol,0.5424750146972369,6804,1360,full|hgb,0.48446427130457276,0.1568978711394042,0.8457573805167465,0.1798721505723926,-10.379331277158615,1.5396223931487822e-25
5,mkt_high_vol,0.5424750146972369,6804,1360,compact|hgb,0.4859215321815133,0.15751333100152434,0.8438291524961135,0.1774052189535924,-10.476389955771936,5.544819276497013e-26
5,mkt_high_vol,0.5424750146972369,6804,1360,full|logit_reg,0.4868769976112898,0.15643444381713856,0.8483157171275437,0.17578775435498561,-9.667966516950102,2.062462511422389e-22
5,mkt_high_vol,0.5424750146972369,6804,1360,full|rf,0.4988007056556699,0.16219667521121092,0.8415503177827349,0.1556026434709421,-13.308470516852898,1.033346171836976e-40
5,mkt_high_vol,0.5424750146972369,6804,1360,state|logit,0.5892698224481434,0.20138394845012203,0.758208143492088,0.0024515308102920352,-3.3788935889017244,0.0003638908612374367
5,mkt_high_vol,0.5424750146972369,6804,1360,persist_markov,0.5907179857905025,0.20189499389514395,0.7554429763475163,0.0,,
5,mkt_high_vol,0.5424750146972369,6804,1360,uncond,0.6931911909452547,0.2500220051911036,0.39593286662942295,-0.1734722957819237,9.633295636893829,1.0
25,mkt_high_vol,0.5360082304526749,6804,272,compact|logit_reg,0.46157927731077925,0.15154908984671328,0.8574953973912022,0.24742700983346533,-6.228878284887679,2.3489328930866103e-10
25,mkt_high_vol,0.5360082304526749,6804,272,compact|logit,0.4815427232151215,0.15615943010113312,0.8543820301228662,0.21487799622568338,-4.667360913783223,1.5254657059895893e-06
25,mkt_high_vol,0.5360082304526749,6804,272,full|rf,0.4849820491218281,0.15832810986965082,0.8413813810631776,0.20927041393375845,-7.225580513357494,2.494828726401818e-13
25,mkt_high_vol,0.5360082304526749,6804,272,compact|hgb,0.49170305127247627,0.15832634420979025,0.8526168101161247,0.19831228618829766,-4.283328911854523,9.205884239925822e-06
25,mkt_high_vol,0.5360082304526749,6804,272,full|hgb,0.4992386845788387,0.16198819298310035,0.848166977444633,0.18602595885746864,-4.032832744088526,2.7554251701693895e-05
25,mkt_high_vol,0.5360082304526749,6804,272,full|logit_reg,0.5483956380690591,0.182790020677508,0.8124253110175386,0.10587895639421807,-2.043484090242304,0.020502270365107746
25,mkt_high_vol,0.5360082304526749,6804,272,state|logit,0.6103234461424946,0.2077152237062959,0.7322202331698945,0.004909961495199844,-4.353956015571876,6.685127205539616e-06
25,mkt_high_vol,0.5360082304526749,6804,272,persist_markov,0.6133348968697876,0.20852244708919476,0.7281542081745389,0.0,,
25,mkt_high_vol,0.5360082304526749,6804,272,uncond,0.6931937782136706,0.25002329882504426,0.37344821275817014,-0.13020436592056028,2.8087958726201756,0.9975136417306294
5,mkt_negative_return,0.4281305114638448,6804,1360,persist_markov,0.6827452443419065,0.2448212273364676,0.5221845142826541,0.0,,
5,mkt_negative_return,0.4281305114638448,6804,1360,state|logit,0.6827536214231171,0.2448241308392093,0.521725472613087,-1.2269702762468526e-05,0.12941136259235714,0.5514839213817404
5,mkt_negative_return,0.4281305114638448,6804,1360,uncond,0.683833404117133,0.24534725279248606,0.4854818256818595,-0.0015938005928921584,0.8781577483794185,0.810070941211783
5,mkt_negative_return,0.4281305114638448,6804,1360,full|rf,0.6848717362534128,0.2458136828391023,0.5166786169250066,-0.003114619880737468,1.0607273345402386,0.8555930830809069
5,mkt_negative_return,0.4281305114638448,6804,1360,compact|logit_reg,0.6996319788331943,0.2520561731173189,0.505210515556819,-0.024733580543010225,3.8969753840534143,0.9999512992425721
5,mkt_negative_return,0.4281305114638448,6804,1360,compact|logit,0.7058921521952064,0.2543958546106319,0.5038940020466747,-0.03390270096368231,4.442297783598683,0.9999955498366976
5,mkt_negative_return,0.4281305114638448,6804,1360,full|logit_reg,0.7153193814449043,0.2572049491259002,0.528177862192744,-0.047710529473399266,4.408622650623629,0.9999947984949822
5,mkt_negative_return,0.4281305114638448,6804,1360,full|hgb,0.7223221808734177,0.26149580683974866,0.5037352828532189,-0.05796735584684898,5.868794223482132,0.9999999978051207
5,mkt_negative_return,0.4281305114638448,6804,1360,compact|hgb,0.7295638655570628,0.2647653356756414,0.48752170698919395,-0.06857407151958173,7.015302980082964,0.9999999999988527
25,mkt_negative_return,0.3731628453850676,6804,272,uncond,0.6646021540280822,0.23576201815374337,0.45657593822419495,0.006606861179866308,-0.7743778838206432,0.21935367917436838
25,mkt_negative_return,0.3731628453850676,6804,272,state|logit,0.668656942703278,0.23763615932103763,0.48521392190387985,0.0005460935087236995,-2.3657490813730644,0.008996817452380401
25,mkt_negative_return,0.3731628453850676,6804,272,persist_markov,0.6690222914338215,0.23780856842860937,0.48696092423607895,0.0,,
25,mkt_negative_return,0.3731628453850676,6804,272,full|rf,0.6782442136322099,0.2417609656143306,0.47901958059200267,-0.01378417777175156,1.1696306251109716,0.878925176288256
25,mkt_negative_return,0.3731628453850676,6804,272,compact|logit_reg,0.7401979324694068,0.2614575765756454,0.4724251500738538,-0.10638754783946669,3.1440307080129313,0.9991668102388752
25,mkt_negative_return,0.3731628453850676,6804,272,compact|logit,0.7696703916630653,0.26724645863308655,0.4711655501261216,-0.15044057801652433,3.286705963743515,0.9994931669211274
25,mkt_negative_return,0.3731628453850676,6804,272,full|hgb,0.7867266522635223,0.27926081224598026,0.4710007586226958,-0.17593488638090315,4.642013022737886,0.9999982748444557
25,mkt_negative_return,0.3731628453850676,6804,272,compact|hgb,0.8365328986006384,0.29172436736416335,0.4552401527957532,-0.2503812045003986,5.097668184962337,0.9999998280685652
25,mkt_negative_return,0.3731628453850676,6804,272,full|logit_reg,0.8377918053846295,0.27985204453898876,0.5007449093092655,-0.25226291576788573,3.57429901403955,0.9998244162809606
