arm,base_rate,model,log_loss,brier,auc,skill_vs_base,dm_t,dm_p
K=2,0.5393885949441505,compact|logit_reg,0.2126152842507071,0.06260712675891013,0.9692584973804054,0.23952217022925804,-3.2554552751355694,0.000566053628659618
K=2,0.5393885949441505,compact|hgb,0.25357715852161494,0.06902355643551485,0.9693315295545558,0.09301060894305013,-1.0899075965492768,0.13787692498782772
K=2,0.5393885949441505,hmm_analytic,0.2598244409400546,0.07577401743249504,0.9528116952332596,0.07066546196886647,-4.932719109525841,4.0546365800890884e-07
K=2,0.5393885949441505,state|logit,0.2634686833089037,0.07601686118821416,0.9501215898756541,0.057630813318898744,-4.512442066433786,3.2042721285201757e-06
K=2,0.5393885949441505,persist_markov,0.279581173740204,0.07896734774956786,0.9394650219357351,0.0,,
K=2,0.5393885949441505,uncond,0.6938539983559008,0.25033302015919323,0.6607292088702792,-1.4817622341075536,10.049259367949684,1.0
K=3,0.4322457378012934,compact|logit_reg,0.1943202293554486,0.05628681872746546,0.974503751094856,0.2794610407867715,-2.641513355325702,0.004126827650742675
K=3,0.4322457378012934,hmm_analytic,0.24303854187920626,0.06464407172605934,0.9546171346516876,0.09881365107891826,-1.9871808965001165,0.023451177028092834
K=3,0.4322457378012934,compact|hgb,0.2479382722149225,0.05548912410033038,0.9624067089378715,0.08064546237189163,-1.025170553579206,0.1526413598878243
K=3,0.4322457378012934,state|logit,0.2523704955174604,0.0651254060140678,0.9520468691233044,0.06421078865827856,-2.272954427386711,0.011514463186191815
K=3,0.4322457378012934,persist_markov,0.26968733178235205,0.06704987815674343,0.947779098172243,0.0,,
K=3,0.4322457378012934,uncond,0.6793096552025348,0.24324188268679242,0.6757621170446515,-1.5188786240458771,8.119823090087388,0.9999999999999998
K=4,0.49720752498530274,compact|logit_reg,0.2611775428174466,0.07689454429793242,0.9537815804956312,0.1318202818721339,-1.4139533441946857,0.0786878008655385
K=4,0.49720752498530274,hmm_analytic,0.2653681572858433,0.07768026900307373,0.9481820264207707,0.11789026917384393,-2.233470424744289,0.012758969274795983
K=4,0.49720752498530274,state|logit,0.28097301467466224,0.07781172680704054,0.9472743292437564,0.0660181957057211,-2.78806030121282,0.0026512336457976664
K=4,0.49720752498530274,compact|hgb,0.2846474691272589,0.077646692476145,0.9557012239352444,0.053803949425140996,-0.5590854452996872,0.28805170371936006
K=4,0.49720752498530274,persist_markov,0.30083349952086785,0.07964973516504523,0.9428588425906205,0.0,,
K=4,0.49720752498530274,uncond,0.7396764986091434,0.2716227991782729,0.6063459913526398,-1.4587570858538461,8.3097434155365,1.0
K=5,0.4060846560846561,compact|logit_reg,0.22008141539438808,0.06075868963201622,0.9627259783742158,0.2678351569560694,-2.4096069712805583,0.007984856869230965
K=5,0.4060846560846561,hmm_analytic,0.2435124953892103,0.0658598111862025,0.9480085726443298,0.1898848539919772,-2.6988264122773,0.003479223078197739
K=5,0.4060846560846561,compact|hgb,0.2530798286883498,0.06396649823316836,0.9593963717713201,0.15805633693722887,-1.8337697653515306,0.03334408878604113
K=5,0.4060846560846561,state|logit,0.2678706110821782,0.0664804472028596,0.9429176582447575,0.10885049713259054,-2.8872439981130307,0.0019431636032948862
K=5,0.4060846560846561,persist_markov,0.30058997981849694,0.06889056122251347,0.9367385045233516,0.0,,
K=5,0.4060846560846561,uncond,0.6620160278947288,0.235401400706509,0.7253836288789097,-1.2023888763506658,6.317203488371807,0.9999999998668306
hmm (K=4),0.49720752498530274,compact|logit_reg,0.2611775428174466,0.07689454429793242,0.9537815804956312,0.1318202818721339,-1.4139533441946857,0.0786878008655385
hmm (K=4),0.49720752498530274,hmm_analytic,0.2653681572858433,0.07768026900307373,0.9481820264207707,0.11789026917384393,-2.233470424744289,0.012758969274795983
hmm (K=4),0.49720752498530274,state|logit,0.28097301467466224,0.07781172680704054,0.9472743292437564,0.0660181957057211,-2.78806030121282,0.0026512336457976664
hmm (K=4),0.49720752498530274,compact|hgb,0.2846474691272589,0.077646692476145,0.9557012239352444,0.053803949425140996,-0.5590854452996872,0.28805170371936006
hmm (K=4),0.49720752498530274,persist_markov,0.30083349952086785,0.07964973516504523,0.9428588425906205,0.0,,
hmm (K=4),0.49720752498530274,uncond,0.7396764986091434,0.2716227991782729,0.6063459913526398,-1.4587570858538461,8.3097434155365,1.0
gmm (K=4),0.43606701940035275,compact|logit_reg,0.3049360591726205,0.09316182837907015,0.9377793905139666,0.1726577092443734,-2.236228975416254,0.012668388060457279
gmm (K=4),0.43606701940035275,state|logit,0.33855461280602367,0.0985102112309481,0.9308977239777416,0.08144497680984863,-4.24129172164621,1.1111853033482822e-05
gmm (K=4),0.43606701940035275,compact|hgb,0.35640424763024836,0.09275934596490248,0.9432155675772917,0.03301594613143477,-0.3882599415797123,0.34891183925376473
gmm (K=4),0.43606701940035275,persist_markov,0.36857303510269845,0.10527845660720185,0.9178848929748387,0.0,,
gmm (K=4),0.43606701940035275,uncond,0.6647288366209972,0.2356870697988842,0.6483970271896253,-0.8035199901039383,5.978424883641703,0.9999999988734727
core_1990 (1990-),0.49720752498530274,compact|logit_reg,0.2611775428174466,0.07689454429793242,0.9537815804956312,0.1318202818721339,-1.4139533441946857,0.0786878008655385
core_1990 (1990-),0.49720752498530274,hmm_analytic,0.2653681572858433,0.07768026900307373,0.9481820264207707,0.11789026917384393,-2.233470424744289,0.012758969274795983
core_1990 (1990-),0.49720752498530274,state|logit,0.28097301467466224,0.07781172680704054,0.9472743292437564,0.0660181957057211,-2.78806030121282,0.0026512336457976664
core_1990 (1990-),0.49720752498530274,compact|hgb,0.2846474691272589,0.077646692476145,0.9557012239352444,0.053803949425140996,-0.5590854452996872,0.28805170371936006
core_1990 (1990-),0.49720752498530274,persist_markov,0.30083349952086785,0.07964973516504523,0.9428588425906205,0.0,,
core_1990 (1990-),0.49720752498530274,uncond,0.7396764986091434,0.2716227991782729,0.6063459913526398,-1.4587570858538461,8.3097434155365,1.0
"full_2000 (2000-, incl. gold)",0.20858134920634921,compact|logit_reg,0.23862709748050126,0.06333595004535815,0.9253276624096234,0.23474770049588833,-1.9189312700273669,0.027496516299475797
"full_2000 (2000-, incl. gold)",0.20858134920634921,compact|hgb,0.27823516201886267,0.06596833541740584,0.937769760447692,0.10772875425335171,-0.9273832921386738,0.17686378115897622
"full_2000 (2000-, incl. gold)",0.20858134920634921,hmm_analytic,0.2789756169053041,0.06990941521563539,0.8585192971761022,0.10535419239298016,-1.4355657280316265,0.07556297637267917
"full_2000 (2000-, incl. gold)",0.20858134920634921,state|logit,0.2877391919663588,0.0706232345991158,0.8589988713053323,0.07725031802935323,-1.6332994867146542,0.05120301235048119
"full_2000 (2000-, incl. gold)",0.20858134920634921,persist_markov,0.3118280044831399,0.07225196778655078,0.85096423465074,0.0,,
"full_2000 (2000-, incl. gold)",0.20858134920634921,uncond,0.4736827624137265,0.14706739418120324,0.6808095077154795,-0.5190513860320645,2.8443681063218995,0.99777501975365
class-weight comparison,0.49720752498530274,compact|logit_reg,0.2611775428174466,0.07689454429793242,0.9537815804956312,0.1318202818721339,-1.4139533441946857,0.0786878008655385
class-weight comparison,0.49720752498530274,hmm_analytic,0.2653681572858433,0.07768026900307373,0.9481820264207707,0.11789026917384393,-2.233470424744289,0.012758969274795983
class-weight comparison,0.49720752498530274,state|logit,0.28097301467466224,0.07781172680704054,0.9472743292437564,0.0660181957057211,-2.78806030121282,0.0026512336457976664
class-weight comparison,0.49720752498530274,compact|hgb,0.2846474691272589,0.077646692476145,0.9557012239352444,0.053803949425140996,-0.5590854452996872,0.28805170371936006
class-weight comparison,0.49720752498530274,persist_markov,0.30083349952086785,0.07964973516504523,0.9428588425906205,0.0,,
class-weight comparison,0.49720752498530274,compact|logit_balanced,0.34139292160519824,0.09571607654489167,0.9375432193033535,-0.1348234892355029,1.246563279210402,0.8937211634326385
class-weight comparison,0.49720752498530274,uncond,0.7396764986091434,0.2716227991782729,0.6063459913526398,-1.4587570858538461,8.3097434155365,1.0
all features,0.49720752498530274,compact|logit_reg,0.2611775428174466,0.07689454429793242,0.9537815804956312,0.1318202818721339,-1.4139533441946857,0.0786878008655385
all features,0.49720752498530274,hmm_analytic,0.2653681572858433,0.07768026900307373,0.9481820264207707,0.11789026917384393,-2.233470424744289,0.012758969274795983
all features,0.49720752498530274,state|logit,0.28097301467466224,0.07781172680704054,0.9472743292437564,0.0660181957057211,-2.78806030121282,0.0026512336457976664
all features,0.49720752498530274,compact|hgb,0.2846474691272589,0.077646692476145,0.9557012239352444,0.053803949425140996,-0.5590854452996872,0.28805170371936006
all features,0.49720752498530274,persist_markov,0.30083349952086785,0.07964973516504523,0.9428588425906205,0.0,,
all features,0.49720752498530274,uncond,0.7396764986091434,0.2716227991782729,0.6063459913526398,-1.4587570858538461,8.3097434155365,1.0
only volatility,0.49720752498530274,compact|logit_reg,0.25771800093250086,0.0757774660745471,0.9551637341408974,0.14332013774076446,-1.8462964862042164,0.03242458384000322
only volatility,0.49720752498530274,hmm_analytic,0.2653681572858433,0.07768026900307373,0.9481820264207707,0.11789026917384393,-2.233470424744289,0.012758969274795983
only volatility,0.49720752498530274,compact|hgb,0.26665857221441536,0.07227894822377731,0.954190800279576,0.11360080363683667,-1.4631996405892738,0.07170637956483765
only volatility,0.49720752498530274,state|logit,0.28097301467466224,0.07781172680704054,0.9472743292437564,0.0660181957057211,-2.78806030121282,0.0026512336457976664
only volatility,0.49720752498530274,persist_markov,0.30083349952086785,0.07964973516504523,0.9428588425906205,0.0,,
only volatility,0.49720752498530274,uncond,0.7396764986091434,0.2716227991782729,0.6063459913526398,-1.4587570858538461,8.3097434155365,1.0
only credit,0.49720752498530274,compact|logit_reg,0.2544397195719698,0.07436605566686348,0.9482381040474137,0.1542174658832497,-1.9446254517128965,0.025910036874683406
only credit,0.49720752498530274,hmm_analytic,0.2653681572858433,0.07768026900307373,0.9481820264207707,0.11789026917384393,-2.233470424744289,0.012758969274795983
only credit,0.49720752498530274,compact|hgb,0.2796087524589747,0.07871575787650219,0.9523478423463502,0.07055313685376607,-0.7881432656669872,0.2153064551245445
only credit,0.49720752498530274,state|logit,0.28097301467466224,0.07781172680704054,0.9472743292437564,0.0660181957057211,-2.78806030121282,0.0026512336457976664
only credit,0.49720752498530274,persist_markov,0.30083349952086785,0.07964973516504523,0.9428588425906205,0.0,,
only credit,0.49720752498530274,uncond,0.7396764986091434,0.2716227991782729,0.6063459913526398,-1.4587570858538461,8.3097434155365,1.0
only momentum,0.49720752498530274,hmm_analytic,0.2653681572858433,0.07768026900307373,0.9481820264207707,0.11789026917384393,-2.233470424744289,0.012758969274795983
only momentum,0.49720752498530274,compact|logit_reg,0.26848259196159724,0.07773529813483432,0.9463309463043332,0.10753758344996589,-1.5109229560250508,0.06540404066893772
only momentum,0.49720752498530274,state|logit,0.28097301467466224,0.07781172680704054,0.9472743292437564,0.0660181957057211,-2.78806030121282,0.0026512336457976664
only momentum,0.49720752498530274,compact|hgb,0.2864291457326409,0.07414098471218211,0.9499202168311855,0.04788148198644271,-0.5492653622199614,0.2914116771830412
only momentum,0.49720752498530274,persist_markov,0.30083349952086785,0.07964973516504523,0.9428588425906205,0.0,,
only momentum,0.49720752498530274,uncond,0.7396764986091434,0.2716227991782729,0.6063459913526398,-1.4587570858538461,8.3097434155365,1.0
only rates,0.49720752498530274,hmm_analytic,0.2653681572858433,0.07768026900307373,0.9481820264207707,0.11789026917384393,-2.233470424744289,0.012758969274795983
only rates,0.49720752498530274,compact|logit_reg,0.2706300393927629,0.08024852343222753,0.9415255516539314,0.10039925798227078,-1.085311719177628,0.13889180858356165
only rates,0.49720752498530274,state|logit,0.28097301467466224,0.07781172680704054,0.9472743292437564,0.0660181957057211,-2.78806030121282,0.0026512336457976664
only rates,0.49720752498530274,persist_markov,0.30083349952086785,0.07964973516504523,0.9428588425906205,0.0,,
only rates,0.49720752498530274,compact|hgb,0.3009856724754899,0.07911009188847726,0.9472497034755082,-0.0005058377968691907,0.0051072970347173525,0.5020375078678239
only rates,0.49720752498530274,uncond,0.7396764986091434,0.2716227991782729,0.6063459913526398,-1.4587570858538461,8.3097434155365,1.0
all except volatility,0.49720752498530274,hmm_analytic,0.2653681572858433,0.07768026900307373,0.9481820264207707,0.11789026917384393,-2.233470424744289,0.012758969274795983
all except volatility,0.49720752498530274,compact|logit_reg,0.2703845526732219,0.08097190374653648,0.9472271514561649,0.10121527986790513,-1.0908625666293108,0.13766668037599772
all except volatility,0.49720752498530274,state|logit,0.28097301467466224,0.07781172680704054,0.9472743292437564,0.0660181957057211,-2.78806030121282,0.0026512336457976664
all except volatility,0.49720752498530274,compact|hgb,0.2821837498477335,0.07754237580550462,0.9546573073770246,0.06199359347558531,-0.6985922370291286,0.24240344826215982
all except volatility,0.49720752498530274,persist_markov,0.30083349952086785,0.07964973516504523,0.9428588425906205,0.0,,
all except volatility,0.49720752498530274,uncond,0.7396764986091434,0.2716227991782729,0.6063459913526398,-1.4587570858538461,8.3097434155365,1.0
all except credit,0.49720752498530274,hmm_analytic,0.2653681572858433,0.07768026900307373,0.9481820264207707,0.11789026917384393,-2.233470424744289,0.012758969274795983
all except credit,0.49720752498530274,compact|logit_reg,0.2668390164599714,0.07854393811267434,0.9511791120259034,0.11300098930152025,-1.2562783968006805,0.10450752579350409
all except credit,0.49720752498530274,state|logit,0.28097301467466224,0.07781172680704054,0.9472743292437564,0.0660181957057211,-2.78806030121282,0.0026512336457976664
all except credit,0.49720752498530274,compact|hgb,0.2908559685153129,0.07744265258180814,0.9504290197656784,0.033166289729853804,-0.37179787257025354,0.3550216738841906
all except credit,0.49720752498530274,persist_markov,0.30083349952086785,0.07964973516504523,0.9428588425906205,0.0,,
all except credit,0.49720752498530274,uncond,0.7396764986091434,0.2716227991782729,0.6063459913526398,-1.4587570858538461,8.3097434155365,1.0
all except momentum,0.49720752498530274,compact|logit_reg,0.2534066069451906,0.0751896372409054,0.9549190317700924,0.15765163338262922,-1.6523162009238852,0.04923505417537404
all except momentum,0.49720752498530274,hmm_analytic,0.2653681572858433,0.07768026900307373,0.9481820264207707,0.11789026917384393,-2.233470424744289,0.012758969274795983
all except momentum,0.49720752498530274,state|logit,0.28097301467466224,0.07781172680704054,0.9472743292437564,0.0660181957057211,-2.78806030121282,0.0026512336457976664
all except momentum,0.49720752498530274,compact|hgb,0.28363243664715043,0.0774148589571108,0.9550088078164436,0.05717801674718159,-0.5942821842205399,0.2761616962499923
all except momentum,0.49720752498530274,persist_markov,0.30083349952086785,0.07964973516504523,0.9428588425906205,0.0,,
all except momentum,0.49720752498530274,uncond,0.7396764986091434,0.2716227991782729,0.6063459913526398,-1.4587570858538461,8.3097434155365,1.0
all except rates,0.49720752498530274,compact|logit_reg,0.24596795198401156,0.07209988119330595,0.9570363294022254,0.18237845061882962,-2.1312817991579873,0.016532966796146072
all except rates,0.49720752498530274,hmm_analytic,0.2653681572858433,0.07768026900307373,0.9481820264207707,0.11789026917384393,-2.233470424744289,0.012758969274795983
all except rates,0.49720752498530274,compact|hgb,0.27114508356573175,0.07439217643346281,0.9567397401056905,0.09868720073535797,-1.1765421209568927,0.11968915550087222
all except rates,0.49720752498530274,state|logit,0.28097301467466224,0.07781172680704054,0.9472743292437564,0.0660181957057211,-2.78806030121282,0.0026512336457976664
all except rates,0.49720752498530274,persist_markov,0.30083349952086785,0.07964973516504523,0.9428588425906205,0.0,,
all except rates,0.49720752498530274,uncond,0.7396764986091434,0.2716227991782729,0.6063459913526398,-1.4587570858538461,8.3097434155365,1.0
