h,model,log_loss,brier,auc,skill_vs_base,dm_t,dm_p
5,binary_reference,0.15899375794507864,0.04394909737612058,0.9825918783299316,0.0,,
5,continuous_ridge_a100,0.4337117011543443,0.12245219995473823,0.8942737148876815,-1.7278536387834906,7.521973486568259,0.999999999999973
5,continuous_ridge_a10,0.4413586733609845,0.12444524867386436,0.8918230077432787,-1.7759496917699336,7.583163247568486,0.9999999999999831
5,continuous_ridge_a1,0.44221673241558385,0.12468318830910025,0.8915304050892758,-1.781346501466675,7.592947747346141,0.9999999999999843
10,binary_reference,0.22501165444616625,0.06743081636343788,0.969629020033505,0.0,,
10,continuous_ridge_a100,0.4357358293304523,0.13022609118141532,0.8856360065445101,-0.9365033798047182,5.023637458742894,0.9999997464904702
10,continuous_ridge_a10,0.44128001118076593,0.1312201965248552,0.8842910741923704,-0.9611429117612289,4.990150424893281,0.9999996983385434
10,continuous_ridge_a1,0.4418562937906802,0.13132990324231067,0.8841444802795183,-0.9637040351454051,4.987912886111054,0.9999996948246134
15,binary_reference,0.24638154739176435,0.0744145920287946,0.9620890378468321,0.0,,
15,continuous_ridge_a100,0.389850287231093,0.12509657299045274,0.8956143359654373,-0.5823031041005804,5.768773248030156,0.999999996007467
15,continuous_ridge_a10,0.3949549499253275,0.12651822320136535,0.8931319603578883,-0.6030216309069638,5.725167525841798,0.9999999948334138
15,continuous_ridge_a1,0.39555484757787246,0.1266910153343335,0.892831378716448,-0.6054564628125818,5.722296495376751,0.9999999947453154
20,binary_reference,0.29115882895366346,0.09068088513983583,0.9470833564472777,0.0,,
20,continuous_ridge_a100,0.43022924239404464,0.13373433273920435,0.8730472766883532,-0.4776445005640326,3.5271929389275813,0.9997900047021314
20,continuous_ridge_a10,0.43667796901476263,0.1351129953535373,0.8705280477970385,-0.49979298441352715,3.493615438951663,0.9997617365447582
20,continuous_ridge_a1,0.43744931795688635,0.13528424403489253,0.8702392190069517,-0.5024422220990055,3.4906545081529177,0.9997590805449047
25,binary_reference,0.3823989536534506,0.12248564222755479,0.9105492941630791,0.0,,
25,continuous_ridge_a100,0.47261652942930293,0.15186342581431367,0.84714867271193,-0.23592526839812455,2.4409913812832804,0.9926764978374597
25,continuous_ridge_a10,0.47906189037801755,0.1535074055945896,0.844168889540455,-0.2527803379194593,2.485802970882394,0.9935370245931544
25,continuous_ridge_a1,0.4798339124667147,0.15369619336274723,0.8438442188595049,-0.2547992296588881,2.4908409615339324,0.9936279424525523
