h,target,model,log_loss,brier,auc,skill_vs_base,dm_t,dm_p
5,mkt_high_vol,compact|logit_reg,0.4681553705322986,0.15211899212964602,0.8555458650733854,0.20748075766508078,-12.751410449356147,1.5307770551479423e-37
5,mkt_high_vol,compact|logit,0.47032519384471067,0.15242288663687273,0.8549704993427811,0.20380756103893038,-11.35597366536954,3.4631958345994506e-30
5,mkt_high_vol,full|hgb,0.48446427130457276,0.1568978711394042,0.8457573805167465,0.1798721505723926,-10.379331277158615,1.5396223931487822e-25
5,mkt_high_vol,compact|hgb,0.4859215321815133,0.15751333100152434,0.8438291524961135,0.1774052189535924,-10.476389955771936,5.544819276497013e-26
5,mkt_high_vol,full|logit_reg,0.4868769976112898,0.15643444381713856,0.8483157171275437,0.17578775435498561,-9.667966516950102,2.062462511422389e-22
5,mkt_high_vol,full|rf,0.4988007056556699,0.16219667521121092,0.8415503177827349,0.1556026434709421,-13.308470516852898,1.033346171836976e-40
5,mkt_high_vol,state|logit,0.5892698224481434,0.20138394845012203,0.758208143492088,0.0024515308102920352,-3.3788935889017244,0.0003638908612374367
5,mkt_high_vol,persist_markov,0.5907179857905025,0.20189499389514395,0.7554429763475163,0.0,,
5,mkt_high_vol,uncond,0.6931911909452547,0.2500220051911036,0.39593286662942295,-0.1734722957819237,9.633295636893829,1.0
10,mkt_high_vol,compact|logit_reg,0.427779332296001,0.13815237977643097,0.8812376351182605,0.2712713733512063,-9.985652412763198,8.80692550676632e-24
10,mkt_high_vol,compact|logit,0.43277989385988913,0.13844326427281434,0.8812800855410814,0.26275284034642943,-8.461135180447645,1.3239362522220783e-17
10,mkt_high_vol,compact|hgb,0.4476331528236497,0.14369333674515344,0.8731695321137014,0.2374500868267,-8.295524984914168,5.405335048618265e-17
10,mkt_high_vol,full|hgb,0.45369421902344237,0.146214874292925,0.8699125060250458,0.22712496797606307,-7.603073716671499,1.4458932627604795e-14
10,mkt_high_vol,full|logit_reg,0.4552513289343315,0.14665658967170664,0.8686442996432686,0.22447240745890762,-7.420493366367668,5.834242639958231e-14
10,mkt_high_vol,full|rf,0.4671854378496594,0.1501936067391462,0.8629592485509663,0.20414247063501656,-10.070426687324224,3.732675198957159e-24
10,mkt_high_vol,state|logit,0.5855020783583843,0.19955781002477338,0.7593245876763466,0.002588266309965448,-3.1323656265321693,0.0008670189137522125
10,mkt_high_vol,persist_markov,0.5870214461907871,0.2001236997041691,0.755486738896757,0.0,,
10,mkt_high_vol,uncond,0.6931471805599453,0.25,0.5,-0.18078680950723958,5.799934766295403,0.9999999966829639
15,mkt_high_vol,compact|logit_reg,0.4395300169954781,0.14318659654805704,0.8712391778191684,0.25652111454471327,-7.742994032574938,4.855130025530308e-15
15,mkt_high_vol,compact|logit,0.4490738034540476,0.14419870104091084,0.8710617193176254,0.24037749876223646,-6.239533697485311,2.1943860351001374e-10
15,mkt_high_vol,full|rf,0.47723912191322665,0.15502203267256362,0.8491704664449233,0.1927349743229122,-7.774907703643385,3.775121757637143e-15
15,mkt_high_vol,compact|hgb,0.4828448247306175,0.15373553934961173,0.8560834638645007,0.1832527512170664,-4.5904268610613626,2.211702204487542e-06
15,mkt_high_vol,full|hgb,0.4828476417275429,0.15616842148729015,0.8542804349606317,0.18324798617792593,-4.507139409155715,3.2853732265205873e-06
15,mkt_high_vol,full|logit_reg,0.49234897803675953,0.16198434370745543,0.8453727499708156,0.16717617616185387,-4.428095457789915,4.7534413838846e-06
15,mkt_high_vol,state|logit,0.5892977236131343,0.2015496792118882,0.7507241212885736,0.003184315491840062,-3.006031703975348,0.0013234069972499081
15,mkt_high_vol,persist_markov,0.5911802279715336,0.2021052197097766,0.7477573322507522,0.0,,
15,mkt_high_vol,uncond,0.6931950991631275,0.250023959299857,0.3855776853557098,-0.17256137192143384,4.612774032995263,0.99999801334906
20,mkt_high_vol,compact|logit_reg,0.44839308798454347,0.14754781540661369,0.864905265706803,0.25371328329888254,-6.624820977185322,1.738346359690427e-11
20,mkt_high_vol,compact|logit,0.4596091525480865,0.1493293832927606,0.8645948797811596,0.23504573417349817,-5.259599953485407,7.218456887936426e-08
20,mkt_high_vol,full|rf,0.48209655913186866,0.15708647109778642,0.8467177471726463,0.19761863443392236,-6.893883788964147,2.7144689945662623e-12
20,mkt_high_vol,compact|hgb,0.48863714392266117,0.15762342562361875,0.8521362272164239,0.18673275844781867,-4.095554319227787,2.105797305158299e-05
20,mkt_high_vol,full|hgb,0.492244150079435,0.1595146312917189,0.850201058880802,0.18072940814204352,-3.902221758656657,4.76568865347061e-05
20,mkt_high_vol,full|logit_reg,0.5135856442213997,0.1698822200269844,0.8326876244187553,0.14520951718143182,-3.2554857968899724,0.0005659927908034718
20,mkt_high_vol,state|logit,0.5990215876906825,0.20544036053393072,0.740556099122607,0.0030135033522642463,-2.8665375656766914,0.0020749445230894897
20,mkt_high_vol,persist_markov,0.6008321975320937,0.20584326868037944,0.7390346336205752,0.0,,
20,mkt_high_vol,uncond,0.6931471805599453,0.25,0.5,-0.15364519978628555,3.516498395649888,0.999781360349147
25,mkt_high_vol,compact|logit_reg,0.46157927731077925,0.15154908984671328,0.8574953973912022,0.24742700983346533,-6.228878284887679,2.3489328930866103e-10
25,mkt_high_vol,compact|logit,0.4815427232151215,0.15615943010113312,0.8543820301228662,0.21487799622568338,-4.667360913783223,1.5254657059895893e-06
25,mkt_high_vol,full|rf,0.4849820491218281,0.15832810986965082,0.8413813810631776,0.20927041393375845,-7.225580513357494,2.494828726401818e-13
25,mkt_high_vol,compact|hgb,0.49170305127247627,0.15832634420979025,0.8526168101161247,0.19831228618829766,-4.283328911854523,9.205884239925822e-06
25,mkt_high_vol,full|hgb,0.4992386845788387,0.16198819298310035,0.848166977444633,0.18602595885746864,-4.032832744088526,2.7554251701693895e-05
25,mkt_high_vol,full|logit_reg,0.5483956380690591,0.182790020677508,0.8124253110175386,0.10587895639421807,-2.043484090242304,0.020502270365107746
25,mkt_high_vol,state|logit,0.6103234461424946,0.2077152237062959,0.7322202331698945,0.004909961495199844,-4.353956015571876,6.685127205539616e-06
25,mkt_high_vol,persist_markov,0.6133348968697876,0.20852244708919476,0.7281542081745389,0.0,,
25,mkt_high_vol,uncond,0.6931937782136706,0.25002329882504426,0.37344821275817014,-0.13020436592056028,2.8087958726201756,0.9975136417306294
